{"assets/computer.png":["assets/computer.png"],"assets/errorImage.png":["assets/errorImage.png"],"assets/ic_about.png":["assets/ic_about.png"],"assets/ic_add.png":["assets/ic_add.png"],"assets/ic_back1.png":["assets/ic_back1.png"],"assets/ic_back2.png":["assets/ic_back2.png"],"assets/ic_cart.png":["assets/ic_cart.png"],"assets/ic_chat.png":["assets/ic_chat.png"],"assets/ic_close.png":["assets/ic_close.png"],"assets/ic_exit.png":["assets/ic_exit.png"],"assets/ic_favourite.png":["assets/ic_favourite.png"],"assets/ic_filter.png":["assets/ic_filter.png"],"assets/ic_grid.png":["assets/ic_grid.png"],"assets/ic_home.png":["assets/ic_home.png"],"assets/ic_list.png":["assets/ic_list.png"],"assets/ic_logo.png":["assets/ic_logo.png"],"assets/ic_message.png":["assets/ic_message.png"],"assets/ic_messenger.png":["assets/ic_messenger.png"],"assets/ic_notification.png":["assets/ic_notification.png"],"assets/ic_profile.png":["assets/ic_profile.png"],"assets/ic_reload.png":["assets/ic_reload.png"],"assets/ic_scan.png":["assets/ic_scan.png"],"assets/ic_search.png":["assets/ic_search.png"],"assets/ic_settings.png":["assets/ic_settings.png"],"assets/ic_share.png":["assets/ic_share.png"],"assets/ic_skype.png":["assets/ic_skype.png"],"assets/ic_snapchat.png":["assets/ic_snapchat.png"],"assets/ic_user.png":["assets/ic_user.png"],"assets/ic_wifi.png":["assets/ic_wifi.png"],"assets/ic_youtube.png":["assets/ic_youtube.png"],"assets/icoCall.png":["assets/icoCall.png"],"assets/icoFacebook.png":["assets/icoFacebook.png"],"assets/icoInstagram.png":["assets/icoInstagram.png"],"assets/icoTwitter.png":["assets/icoTwitter.png"],"assets/icoWhatsapp.png":["assets/icoWhatsapp.png"],"assets/placeholder.jpg":["assets/placeholder.jpg"],"lang/af.json":["lang/af.json"],"lang/ar.json":["lang/ar.json"],"lang/de.json":["lang/de.json"],"lang/en.json":["lang/en.json"],"lang/es.json":["lang/es.json"],"lang/fr.json":["lang/fr.json"],"lang/he.json":["lang/he.json"],"lang/hi.json":["lang/hi.json"],"lang/id.json":["lang/id.json"],"lang/it.json":["lang/it.json"],"lang/ja.json":["lang/ja.json"],"lang/ko.json":["lang/ko.json"],"lang/ne.json":["lang/ne.json"],"lang/nl.json":["lang/nl.json"],"lang/pt.json":["lang/pt.json"],"lang/ru.json":["lang/ru.json"],"lang/th.json":["lang/th.json"],"lang/tr.json":["lang/tr.json"],"lang/vi.json":["lang/vi.json"],"packages/flutter_inappwebview/assets/t_rex_runner/t-rex.css":["packages/flutter_inappwebview/assets/t_rex_runner/t-rex.css"],"packages/flutter_inappwebview/assets/t_rex_runner/t-rex.html":["packages/flutter_inappwebview/assets/t_rex_runner/t-rex.html"],"packages/fluttertoast/assets/toastify.css":["packages/fluttertoast/assets/toastify.css"],"packages/fluttertoast/assets/toastify.js":["packages/fluttertoast/assets/toastify.js"],"packages/nb_utils/fonts/LineAwesome.ttf":["packages/nb_utils/fonts/LineAwesome.ttf"]}